EmployeeID,Age,Gender,Department,JobSatisfaction,Salary,WorkLifeBalance,YearsAtCompany,TrainingHours,Attrition
1,50,Female,Sales,1,53064,3,23,12,1
2,36,Male,Finance,5,55711,1,8,31,1
3,29,Male,Finance,2,60106,4,13,6,0
4,42,Male,Sales,3,95458,3,27,21,0
5,40,Male,Finance,4,46589,4,20,41,0
6,44,Female,IT,4,119272,3,3,18,0
7,32,Female,IT,2,116511,1,5,29,0
8,32,Female,Finance,5,37214,4,9,34,0
9,45,Male,Operations,4,115731,2,29,33,0
10,57,Female,Sales,2,57127,4,6,24,0
11,45,Male,IT,1,35141,3,25,25,0
12,24,Female,Operations,5,58884,1,22,26,0
13,43,Male,Finance,3,32708,3,2,39,0
14,23,Male,Operations,4,48375,4,13,41,0
15,45,Female,HR,2,45088,4,5,20,0
16,51,Female,IT,1,87615,2,28,47,0
17,59,Female,Finance,3,75046,1,27,21,0
18,23,Female,Sales,2,40014,1,25,20,1
19,42,Male,Finance,2,94425,4,8,6,0
20,54,Female,Sales,3,33273,1,23,8,0
21,33,Female,Finance,1,77135,2,1,25,0
22,43,Female,Operations,1,60881,3,20,43,1
23,46,Male,Operations,5,108077,1,12,38,0
24,48,Male,Operations,4,38712,4,23,34,0
25,49,Female,HR,3,104704,3,11,10,0
26,37,Male,Sales,3,82874,3,7,21,0
27,36,Female,Operations,3,99087,2,15,43,0
28,24,Male,HR,1,42297,4,22,29,0
29,58,Male,Sales,4,57128,1,24,9,0
30,28,Male,Finance,5,98368,4,11,9,0
31,42,Male,HR,2,117599,3,29,24,0
32,30,Female,IT,2,118499,4,22,20,0
33,39,Female,HR,3,108958,1,26,45,1
34,25,Female,HR,4,62920,1,16,41,0
35,46,Male,Sales,1,41156,2,3,44,1
36,35,Female,Finance,4,41108,1,20,13,0
37,30,Female,IT,4,61845,1,14,9,0
38,47,Female,Operations,1,32800,4,3,46,0
39,23,Male,Operations,3,72712,4,1,6,1
40,41,Male,HR,4,32610,3,26,13,0
41,49,Male,Sales,2,107603,2,21,47,0
42,28,Female,Sales,1,63872,4,15,40,0
43,29,Female,Operations,5,40728,1,1,26,0
44,56,Female,IT,3,50583,3,17,26,0
45,35,Male,Finance,1,115774,4,2,26,0
46,38,Male,IT,5,37263,2,29,38,0
47,57,Female,Finance,5,97450,2,20,33,0
48,25,Male,Operations,4,119285,3,6,42,0
49,23,Male,Finance,4,49456,3,8,37,0
50,27,Male,Sales,4,95942,3,29,22,0
51,25,Male,HR,1,43689,3,16,11,0
52,50,Female,HR,1,62934,3,19,5,0
53,39,Male,Operations,3,63276,1,1,37,0
54,47,Male,Sales,4,49873,1,3,5,1
55,55,Male,IT,5,43050,4,28,28,1
56,31,Male,Sales,2,96216,2,3,8,1
57,57,Female,HR,3,114444,1,5,8,0
58,35,Female,HR,1,114040,1,27,22,0
59,52,Male,Sales,3,51644,1,12,31,0
60,36,Male,Sales,3,92021,4,12,47,0
61,29,Male,HR,3,67125,3,20,36,0
62,35,Male,IT,3,96899,4,13,37,0
63,44,Male,Operations,2,72291,2,20,32,1
64,42,Male,Operations,4,65060,2,9,46,1
65,37,Female,Sales,5,31538,2,7,45,0
66,39,Male,Operations,3,66176,2,4,40,0
67,45,Female,HR,3,71520,1,19,10,0
68,47,Female,HR,3,55675,1,22,20,0
69,46,Male,Sales,4,48287,4,19,38,0
70,50,Female,Sales,1,30174,3,6,27,0
71,36,Female,Sales,1,64998,2,27,46,0
72,22,Female,IT,2,83312,4,13,28,0
73,46,Female,Operations,1,42112,1,11,17,0
74,28,Female,Sales,3,105225,1,13,22,0
75,30,Female,Finance,3,74814,3,13,17,0
76,45,Male,Finance,3,115091,3,28,41,1
77,22,Female,HR,2,80719,3,25,47,0
78,29,Female,Operations,3,63919,4,22,43,0
79,45,Female,Sales,1,103155,1,28,46,0
80,32,Male,Finance,4,101569,1,20,21,0
81,38,Female,Operations,4,71328,3,15,19,1
82,29,Male,HR,5,100482,2,21,22,0
83,56,Female,IT,1,54618,3,13,27,0
84,56,Male,Operations,3,64675,4,22,34,0
85,54,Male,Operations,4,48919,3,11,38,1
86,26,Female,IT,1,34173,3,19,8,0
87,49,Female,Operations,4,56400,4,8,7,0
88,28,Male,HR,3,80445,3,20,11,0
89,30,Female,HR,4,100305,1,8,22,0
90,29,Male,IT,5,67564,2,10,46,0
91,33,Male,Sales,5,75814,3,26,11,0
92,55,Male,Finance,4,109747,4,16,44,0
93,54,Male,Sales,1,118791,2,19,10,1
94,44,Male,Operations,1,57962,4,26,26,0
95,45,Female,Finance,1,114892,2,23,5,0
96,58,Male,IT,4,115842,2,11,8,0
97,56,Male,IT,1,100533,3,13,47,0
98,43,Female,Finance,3,86184,1,28,33,0
99,48,Male,HR,5,112912,3,9,25,0
100,56,Female,Finance,3,40578,4,20,30,0
101,22,Female,Operations,1,48624,4,24,18,0
102,56,Female,HR,3,69194,2,19,13,0
103,58,Male,IT,1,30389,2,16,16,0
104,35,Male,Finance,4,97391,1,7,46,0
105,24,Male,Sales,3,43794,3,19,10,0
106,22,Female,Sales,4,88002,4,12,24,0
107,26,Male,Operations,4,65531,2,15,28,1
108,47,Female,Sales,2,82815,1,23,31,1
109,35,Male,Finance,1,34986,4,14,42,0
110,48,Female,Finance,5,62298,2,11,12,0
111,30,Male,Sales,1,31481,4,26,5,0
112,36,Male,Finance,5,86408,1,10,28,1
113,36,Male,Operations,1,99267,1,27,11,0
114,47,Female,HR,4,46835,4,11,23,0
115,34,Female,Operations,3,57798,3,6,26,0
116,53,Male,Operations,3,94887,4,2,39,1
117,53,Male,Finance,2,49477,2,11,34,0
118,25,Female,HR,5,47266,3,19,33,0
119,51,Female,Finance,5,116328,2,6,26,0
120,58,Female,IT,5,115988,4,14,15,0
121,44,Male,Finance,4,73526,3,20,24,0
122,36,Female,Finance,5,41889,2,6,33,0
123,50,Male,Finance,3,54335,4,17,45,0
124,57,Female,HR,4,41254,4,10,46,0
125,34,Male,Finance,1,116610,3,28,38,0
126,53,Female,HR,5,41442,4,1,5,0
127,28,Female,Sales,5,76289,1,3,35,0
128,43,Female,IT,1,83747,2,8,34,0
129,49,Female,HR,5,67327,2,8,22,0
130,23,Female,Sales,1,46199,4,27,21,0
131,27,Male,HR,4,102827,4,20,42,0
132,49,Female,HR,3,30112,1,22,18,0
133,49,Female,IT,1,117051,3,15,27,1
134,41,Female,Operations,2,49581,4,24,29,0
135,51,Male,Operations,1,89722,4,7,19,0
136,32,Female,HR,5,46523,4,11,26,0
137,49,Male,Finance,4,96960,4,7,7,0
138,46,Female,Sales,4,49552,2,29,23,1
139,54,Female,Finance,1,40808,4,4,48,1
140,22,Male,Finance,3,102525,2,25,38,0
141,48,Female,HR,2,53620,4,12,39,0
142,34,Male,HR,4,30887,3,26,5,0
143,24,Male,HR,5,61802,1,6,25,0
144,27,Female,HR,5,115024,3,14,33,0
145,29,Male,Operations,3,111938,4,12,10,0
146,48,Female,HR,4,116741,4,11,41,0
147,30,Female,Operations,1,56049,4,19,5,0
148,58,Male,Operations,5,107789,3,21,5,1
149,54,Male,HR,3,114526,4,5,31,0
150,45,Male,IT,4,37846,3,14,25,1
151,36,Male,Sales,4,76220,2,21,20,0
152,53,Female,Finance,4,76163,1,24,48,0
153,53,Female,Operations,4,33765,1,16,44,0
154,45,Male,Sales,4,111486,3,25,30,0
155,33,Female,IT,5,75270,2,13,20,0
156,23,Female,Finance,3,105277,3,25,32,0
157,24,Female,Finance,4,118278,2,29,5,1
158,58,Female,Operations,2,52931,4,22,40,0
159,38,Male,HR,2,119116,2,22,14,0
160,23,Male,IT,3,85633,2,25,47,1
161,23,Female,Operations,1,110702,2,20,21,0
162,49,Male,IT,1,81913,1,22,27,0
163,44,Male,HR,1,55991,2,4,11,0
164,58,Male,HR,2,84845,4,11,48,1
165,53,Female,Operations,1,85312,4,17,11,1
166,54,Female,HR,5,40561,4,7,48,1
167,22,Female,Sales,4,46901,2,14,19,0
168,40,Male,Finance,2,92875,3,26,38,1
169,23,Female,Operations,3,55917,3,11,49,0
170,47,Female,IT,3,92120,4,28,8,0
171,53,Male,Sales,4,31988,1,22,18,0
172,27,Female,Operations,2,44256,3,9,18,0
173,53,Female,HR,1,117728,2,23,20,1
174,25,Male,HR,1,58230,3,13,11,1
175,32,Male,HR,5,89778,4,23,36,0
176,38,Male,HR,5,75833,1,18,23,0
177,59,Female,IT,1,52625,3,28,6,0
178,45,Female,Sales,3,62088,3,11,14,1
179,26,Female,Finance,3,109650,4,15,21,0
180,55,Male,IT,5,71167,1,25,41,0
181,27,Male,IT,4,101291,1,26,16,0
182,43,Female,Finance,1,95303,4,25,10,0
183,32,Female,Finance,5,106361,2,22,26,0
184,37,Male,HR,5,118229,3,29,36,1
185,54,Male,IT,1,34117,2,19,45,0
186,30,Male,Operations,1,90710,3,1,24,0
187,27,Male,Finance,3,97054,3,4,5,0
188,37,Female,Finance,4,60949,2,14,10,0
189,50,Male,Sales,4,52547,4,14,23,1
190,24,Female,Operations,1,111882,4,3,22,0
191,41,Female,Operations,2,98136,3,28,10,0
192,57,Female,Finance,5,94619,4,17,49,0
193,40,Male,HR,5,91842,3,3,37,0
194,47,Male,Sales,1,56990,4,16,27,0
195,24,Male,Operations,2,46193,3,14,27,0
196,40,Male,Finance,3,60109,4,20,30,0
197,41,Female,Operations,1,49233,1,29,17,0
198,53,Male,Sales,1,111730,2,13,11,0
199,28,Male,Sales,5,64510,1,15,19,0
200,54,Female,IT,1,31306,2,14,48,0
201,39,Male,Finance,1,33849,2,24,31,0
202,22,Female,Sales,1,42360,3,25,30,1
203,32,Female,IT,5,75800,2,19,37,1
204,49,Female,IT,3,66963,1,6,19,0
205,46,Female,Operations,3,84330,1,10,40,0
206,44,Female,Operations,1,81707,4,27,49,0
207,52,Female,IT,5,48689,1,15,31,0
208,51,Female,Operations,3,59084,4,21,9,1
209,56,Female,Sales,3,70387,2,22,6,0
210,28,Male,HR,3,104816,1,20,37,0
211,37,Male,Sales,5,32642,2,26,20,1
212,47,Male,IT,5,72137,1,6,27,1
213,23,Male,IT,1,109832,1,23,42,0
214,22,Female,Sales,4,85561,4,25,20,0
215,33,Male,Operations,3,92260,2,10,18,0
216,26,Female,Operations,4,45438,1,7,33,0
217,58,Male,IT,5,78442,3,22,30,1
218,53,Male,Finance,5,32994,2,17,39,1
219,30,Male,Operations,5,31813,2,18,19,0
220,56,Female,Sales,4,114381,2,17,7,0
221,40,Male,Operations,5,85276,4,9,27,1
222,37,Female,Sales,1,71243,3,10,33,0
223,24,Female,IT,5,92912,2,10,38,0
224,41,Male,Operations,2,90272,1,25,37,0
225,45,Male,Sales,4,72051,1,7,45,0
226,54,Male,IT,2,108854,4,16,45,0
227,45,Female,Finance,5,112736,1,29,27,0
228,32,Male,Sales,1,95618,2,18,11,0
229,29,Female,Finance,3,31920,1,6,7,0
230,57,Female,Finance,5,107219,2,27,36,0
231,59,Male,HR,1,106872,1,20,35,0
232,41,Male,Operations,4,111132,3,1,22,0
233,56,Female,Sales,2,32093,4,1,47,1
234,46,Female,Finance,2,42905,4,12,11,0
235,56,Female,HR,2,54351,3,21,45,0
236,46,Male,IT,4,60981,3,28,5,0
237,50,Female,Sales,1,103903,4,2,18,1
238,39,Male,Finance,4,100821,3,4,36,0
239,39,Female,Operations,2,112289,2,17,10,0
240,23,Female,HR,5,114021,1,4,43,0
241,56,Male,Finance,3,108513,4,11,14,0
242,37,Female,Operations,4,49874,3,22,11,0
243,57,Male,Finance,4,80931,2,26,30,0
244,54,Male,Sales,1,37674,4,4,38,0
245,25,Female,Sales,1,80516,3,1,34,0
246,54,Male,Sales,4,90686,4,7,40,0
247,35,Male,HR,2,99212,3,18,25,0
248,42,Female,Sales,3,32426,4,9,21,0
249,41,Male,Operations,1,98498,2,29,37,0
250,29,Male,Finance,2,59943,2,3,14,0
251,28,Male,IT,5,96395,1,8,46,0
252,24,Female,Operations,1,74816,4,29,16,0
253,38,Male,Operations,2,34138,1,24,20,1
254,54,Female,Sales,2,105945,4,19,45,1
255,33,Female,HR,3,34017,3,4,36,0
256,43,Male,Finance,3,40451,3,18,19,0
257,43,Male,HR,5,92956,1,20,31,0
258,51,Male,Finance,2,40278,4,27,32,1
259,59,Female,Finance,2,73764,1,11,21,0
260,59,Male,HR,3,31134,2,27,6,0
261,29,Male,Operations,1,92943,1,14,40,0
262,48,Male,Finance,1,84318,1,25,11,0
263,48,Male,HR,4,90128,3,18,17,1
264,55,Male,Finance,3,118056,1,28,19,0
265,42,Female,IT,4,51869,4,28,29,0
266,51,Female,Operations,3,35039,3,29,27,1
267,54,Male,Sales,5,51281,1,16,26,0
268,49,Male,Finance,2,40442,2,3,30,0
269,54,Male,IT,5,103788,1,15,37,0
270,26,Male,Sales,3,57586,1,27,15,1
271,40,Female,Sales,2,83053,1,27,14,0
272,25,Male,Finance,1,80489,3,4,29,0
273,56,Female,HR,1,113104,4,5,41,0
274,38,Female,Finance,4,116346,2,17,47,0
275,49,Male,IT,3,97087,1,7,42,0
276,51,Female,Sales,3,42625,4,16,45,0
277,50,Female,Finance,1,64397,4,14,49,0
278,27,Female,HR,5,88671,3,26,28,1
279,56,Female,Finance,2,96897,2,16,44,0
280,58,Male,Operations,5,56149,3,7,37,0
281,45,Male,HR,5,90030,4,9,21,0
282,50,Female,IT,1,99906,4,4,28,0
283,52,Male,Sales,1,35283,4,22,41,1
284,56,Male,Finance,1,37610,3,11,6,0
285,54,Male,HR,4,73326,2,2,36,0
286,42,Male,Operations,5,44924,1,12,28,0
287,53,Male,HR,3,106162,3,12,13,0
288,44,Female,Operations,2,30869,4,4,8,0
289,54,Male,IT,4,31014,3,18,21,0
290,24,Male,Sales,3,40103,4,26,21,0
291,39,Male,IT,5,112522,1,21,34,0
292,46,Male,Finance,1,63458,1,7,44,0
293,52,Female,HR,5,112409,2,29,15,0
294,24,Female,Operations,2,53248,4,1,25,1
295,45,Female,Operations,4,119160,2,26,25,0
296,53,Female,HR,4,73516,2,26,22,0
297,43,Male,HR,2,59061,1,23,33,0
298,44,Female,Finance,3,54170,3,26,28,0
299,23,Male,IT,3,38024,3,13,14,0
300,48,Male,Operations,4,112214,2,6,49,1
301,23,Male,Finance,4,115947,1,6,21,0
302,47,Male,IT,1,73803,4,12,22,1
303,38,Male,Finance,3,49296,3,8,46,0
304,54,Female,Operations,2,116664,2,24,24,0
305,30,Female,HR,3,48257,3,22,41,1
306,50,Female,HR,1,42855,3,19,49,0
307,47,Female,IT,4,115178,4,5,22,1
308,56,Male,Sales,4,50025,1,18,21,0
309,46,Female,IT,1,34458,4,5,13,1
310,45,Male,Sales,2,93610,1,25,18,0
311,34,Female,Finance,4,100843,3,10,33,0
312,28,Male,Finance,5,113961,2,1,35,0
313,57,Male,Operations,4,79831,4,10,8,0
314,41,Female,Sales,5,73427,1,5,22,0
315,22,Male,Operations,1,68506,3,12,24,0
316,29,Male,HR,1,35668,1,22,47,0
317,37,Female,Sales,4,77195,1,27,48,0
318,35,Male,IT,3,103233,1,7,13,0
319,33,Female,HR,5,54417,3,9,17,0
320,44,Female,HR,2,111982,2,22,19,0
321,36,Female,IT,4,40751,2,21,31,0
322,49,Male,HR,2,76218,2,12,19,0
323,55,Male,Sales,4,37352,1,23,32,0
324,23,Male,Operations,3,109052,3,29,41,0
325,53,Female,HR,3,118835,1,1,23,1
326,44,Male,Sales,3,58927,2,11,30,1
327,43,Female,Finance,3,71094,2,21,30,0
328,46,Female,Sales,1,84122,3,15,29,0
329,43,Male,Operations,1,59493,1,2,30,0
330,43,Female,Sales,5,103539,4,20,30,0
331,27,Male,IT,2,61707,4,7,32,0
332,36,Male,Operations,4,98814,2,21,22,0
333,58,Male,Finance,4,37296,3,12,36,0
334,54,Male,IT,1,55398,1,22,7,0
335,29,Male,Sales,4,65842,1,18,6,0
336,26,Female,Operations,1,43261,2,3,37,1
337,25,Female,Finance,5,106709,2,7,46,0
338,27,Female,IT,2,86704,1,11,23,1
339,53,Male,Finance,5,97173,1,18,21,1
340,51,Male,Sales,3,61781,2,12,48,0
341,56,Male,Finance,3,43652,1,6,37,0
342,37,Female,HR,3,35103,4,5,16,0
343,34,Male,IT,5,55500,2,26,7,1
344,51,Female,Finance,4,65529,1,1,47,1
345,40,Female,Sales,2,48452,2,12,30,0
346,38,Male,Sales,3,79393,3,27,39,0
347,40,Male,Finance,3,61174,2,26,12,0
348,49,Female,Sales,3,94450,2,11,40,0
349,47,Male,Operations,2,65436,3,4,11,0
350,58,Female,Operations,3,77406,4,27,40,1
351,47,Male,Operations,2,93059,1,18,20,0
352,44,Male,HR,3,45954,3,4,28,0
353,30,Female,Finance,5,112722,2,17,5,0
354,33,Male,HR,5,42356,1,2,29,0
355,22,Female,Sales,2,32187,3,29,14,0
356,22,Male,HR,5,107243,1,24,20,0
357,55,Female,Sales,2,65098,1,22,20,1
358,53,Female,Sales,5,51225,3,2,12,1
359,46,Male,IT,5,33606,1,12,33,0
360,22,Female,Operations,2,87620,4,6,43,1
361,37,Male,Sales,4,62828,3,10,32,0
362,26,Male,IT,5,56489,4,25,10,0
363,43,Male,Operations,3,44387,2,23,20,0
364,50,Female,Sales,4,99463,1,25,24,0
365,24,Female,Sales,2,101832,2,21,20,1
366,33,Male,HR,4,32591,2,23,11,0
367,47,Male,HR,1,78516,1,27,45,0
368,37,Female,Operations,1,92061,3,16,18,0
369,58,Male,Sales,5,96736,1,14,47,0
370,43,Male,Finance,5,111257,2,7,30,0
371,50,Female,HR,3,91753,2,28,30,0
372,35,Male,Operations,4,114774,3,28,18,0
373,49,Female,Sales,1,41087,1,19,11,0
374,26,Male,Sales,5,60816,2,23,37,1
375,51,Female,Finance,4,53408,4,17,30,0
376,26,Male,Operations,5,30136,2,9,49,0
377,33,Male,Sales,5,47413,2,26,24,0
378,37,Female,HR,1,89500,3,13,7,0
379,47,Male,Finance,1,114514,4,22,8,0
380,47,Female,Operations,5,86358,2,5,30,0
381,42,Male,Finance,2,96197,2,23,15,1
382,57,Female,HR,5,62854,4,5,6,0
383,54,Female,Operations,5,106240,1,10,18,1
384,51,Female,Finance,3,46322,1,21,48,1
385,58,Female,IT,3,36968,2,27,34,0
386,44,Male,HR,3,57518,2,10,16,0
387,31,Male,HR,2,81925,1,27,30,0
388,26,Female,HR,2,89848,3,7,48,1
389,57,Female,IT,5,31700,4,26,37,1
390,55,Female,IT,3,53199,4,15,17,0
391,52,Male,Sales,2,74589,3,7,18,0
392,31,Male,Finance,1,62115,3,29,28,0
393,40,Male,Sales,5,91934,3,27,38,1
394,53,Male,Finance,4,84316,3,15,48,1
395,22,Female,IT,5,35520,3,3,30,0
396,26,Female,IT,4,66455,3,19,25,0
397,25,Female,Sales,3,116465,4,10,32,0
398,37,Male,Operations,4,71605,3,28,40,0
399,45,Male,Sales,3,44955,1,29,44,1
400,37,Male,Finance,1,74049,3,15,6,0
401,23,Female,Sales,4,43917,3,3,46,0
402,49,Female,HR,5,100293,4,6,13,0
403,53,Male,Finance,3,108581,4,12,27,1
404,48,Female,Finance,5,94925,3,15,19,0
405,41,Male,Operations,2,100269,4,6,17,0
406,45,Male,IT,3,60954,2,13,27,0
407,33,Female,Finance,4,102617,4,29,21,1
408,56,Male,IT,3,71458,4,19,6,1
409,54,Female,Sales,5,119037,4,3,24,0
410,54,Male,HR,1,51113,4,8,24,0
411,58,Female,Operations,3,73939,1,8,7,0
412,33,Female,IT,4,59345,1,23,16,0
413,24,Female,Finance,2,76313,1,26,44,0
414,22,Male,IT,1,99166,3,20,6,1
415,54,Male,Finance,2,77861,3,15,40,0
416,31,Female,IT,3,79298,2,4,18,1
417,50,Female,Finance,5,77221,1,19,20,0
418,34,Male,Sales,5,74942,3,21,23,0
419,33,Male,Finance,4,33453,4,3,38,0
420,52,Male,Finance,5,84935,4,13,48,0
421,23,Female,HR,1,73370,1,8,10,0
422,56,Male,Finance,5,38328,2,23,17,0
423,44,Male,HR,4,45534,2,16,40,0
424,38,Female,Operations,3,115280,4,13,26,0
425,47,Male,HR,3,114925,2,3,22,0
426,29,Male,Sales,5,66320,1,16,16,1
427,50,Male,HR,2,79170,4,9,34,0
428,47,Female,Operations,3,110201,3,28,44,1
429,31,Female,Sales,5,38640,3,14,11,0
430,47,Female,IT,4,60049,2,13,36,0
431,55,Female,IT,5,35618,4,21,23,0
432,28,Female,HR,3,86053,4,25,10,1
433,25,Female,HR,4,31920,3,7,24,0
434,32,Female,Operations,5,73937,4,15,31,0
435,50,Male,Operations,1,99724,4,7,47,0
436,57,Male,Finance,4,42207,4,6,41,0
437,46,Female,Operations,1,95774,2,2,11,0
438,42,Male,Finance,2,62972,4,9,9,0
439,57,Male,Sales,4,40799,1,22,15,0
440,31,Female,HR,1,101088,2,24,19,1
441,58,Male,Sales,3,58916,4,17,7,0
442,30,Male,Operations,3,100463,4,5,9,0
443,45,Male,Sales,2,106700,1,12,27,0
444,56,Male,Sales,4,67158,2,1,41,0
445,56,Male,Sales,4,114607,3,10,13,0
446,57,Female,Operations,4,101696,3,11,19,0
447,39,Female,Sales,2,91510,2,16,7,1
448,53,Female,Finance,4,88692,4,14,33,1
449,45,Male,Operations,3,91744,4,8,10,1
450,44,Female,Sales,1,45810,3,24,21,0
451,53,Male,Operations,3,35126,3,17,30,0
452,58,Male,IT,3,60009,3,25,25,0
453,33,Male,Finance,1,30192,1,18,12,0
454,34,Male,Sales,3,66413,3,12,25,0
455,44,Female,IT,2,42816,1,25,15,0
456,46,Female,IT,1,69082,2,17,42,0
457,56,Male,Operations,3,95048,4,28,12,0
458,51,Female,IT,5,80940,3,26,46,0
459,38,Male,Finance,3,62130,4,14,28,0
460,41,Female,Finance,2,70142,4,16,39,0
461,46,Female,HR,4,66468,3,14,18,0
462,43,Male,Finance,3,60698,3,9,18,0
463,34,Female,IT,4,40655,2,4,14,0
464,40,Male,Finance,5,77897,1,25,16,1
465,57,Female,Operations,3,60075,1,23,42,0
466,33,Male,HR,1,39359,4,11,48,0
467,40,Male,IT,4,72056,3,6,38,0
468,33,Female,HR,5,81831,2,15,45,0
469,30,Female,IT,1,89191,2,5,14,1
470,28,Male,Operations,1,63272,2,11,21,0
471,49,Female,HR,1,44671,2,25,21,0
472,35,Female,Sales,1,57048,2,18,7,1
473,52,Male,IT,3,106274,1,13,35,0
474,40,Male,Sales,3,55963,1,11,5,0
475,37,Female,HR,3,73954,1,14,16,0
476,26,Male,Sales,5,102309,3,28,43,0
477,56,Male,Sales,5,30717,4,18,8,0
478,33,Male,HR,5,41676,2,27,46,0
479,46,Female,Operations,2,34434,3,28,17,1
480,42,Female,Sales,5,79810,2,25,38,0
481,57,Male,Sales,3,34994,1,28,46,0
482,44,Female,Operations,3,34234,3,19,25,0
483,37,Male,Sales,2,99300,1,24,26,1
484,35,Female,Sales,2,73949,2,27,8,1
485,52,Male,Sales,5,67405,2,15,22,0
486,26,Male,Finance,4,64872,4,9,9,0
487,56,Female,Operations,2,72215,2,8,23,0
488,44,Male,Sales,1,53185,1,20,6,0
489,50,Female,Operations,3,73442,2,28,16,0
490,32,Female,IT,1,81759,4,1,21,0
491,39,Male,IT,3,71153,4,4,14,0
492,33,Male,Sales,3,107535,1,14,38,1
493,30,Female,Operations,2,32581,3,25,10,0
494,31,Male,Operations,2,81717,2,2,12,1
495,38,Male,Operations,1,32763,4,16,15,0
496,59,Male,Finance,3,85480,2,3,16,0
497,28,Male,IT,1,68759,2,26,13,0
498,34,Male,Operations,4,106067,3,8,6,0
499,30,Female,Operations,1,55307,4,6,12,0
500,48,Female,Finance,5,41064,2,16,15,0
501,23,Male,Finance,1,106848,4,24,40,0
502,26,Male,Operations,5,67548,1,16,14,0
503,50,Male,HR,5,66945,1,7,25,0
504,58,Female,Operations,5,77937,2,13,24,0
505,59,Male,Operations,4,36476,4,13,12,0
506,40,Female,Finance,1,81756,2,5,40,0
507,29,Female,Finance,1,32382,4,25,33,1
508,22,Female,Operations,4,79683,4,20,46,0
509,43,Male,Operations,3,117999,3,22,16,0
510,38,Female,Operations,2,75276,3,18,18,0
511,28,Male,Finance,1,63402,3,15,25,0
512,46,Female,Operations,2,56946,2,18,26,1
513,25,Male,Operations,4,109698,3,2,25,0
514,57,Female,Sales,3,103933,3,10,48,0
515,27,Male,HR,3,52335,1,23,34,0
516,52,Female,IT,3,75095,4,13,43,0
517,40,Male,HR,4,109930,4,18,24,1
518,48,Male,Sales,5,57197,3,15,28,0
519,31,Male,IT,5,52010,4,12,27,0
520,47,Male,Operations,2,54123,1,15,11,0
521,40,Female,Sales,5,117923,1,13,13,0
522,24,Female,Operations,5,32890,3,18,5,0
523,34,Male,Finance,3,38026,1,15,30,0
524,49,Female,Sales,3,94925,4,25,42,0
525,41,Male,Finance,2,98842,2,23,42,1
526,49,Male,Sales,1,63665,4,11,48,0
527,29,Female,Sales,2,39277,2,19,26,0
528,22,Male,Finance,2,72239,3,3,48,0
529,24,Male,IT,4,77664,2,7,14,1
530,34,Female,HR,4,78008,1,21,10,0
531,49,Male,Operations,2,44683,4,26,21,0
532,46,Male,Sales,2,30670,2,14,42,0
533,54,Male,Operations,2,119211,4,14,28,0
534,59,Male,Finance,5,47889,3,22,14,0
535,27,Female,Operations,4,85612,3,13,12,0
536,53,Female,Finance,2,74535,1,12,25,0
537,42,Female,Operations,3,108542,3,24,10,0
538,37,Male,HR,3,84319,2,9,25,0
539,42,Male,HR,5,51639,3,1,43,1
540,32,Female,HR,5,94712,1,19,28,1
541,58,Male,HR,1,46633,4,11,37,0
542,57,Male,HR,1,64660,4,23,22,0
543,56,Male,HR,1,98975,3,22,32,0
544,40,Male,Finance,5,62172,2,23,36,0
545,41,Female,Sales,5,89197,1,24,16,1
546,39,Female,Operations,5,88847,2,22,46,0
547,35,Female,HR,3,41577,1,19,31,0
548,36,Male,Finance,5,107299,3,18,14,0
549,52,Female,Finance,3,50176,1,12,46,0
550,22,Female,Finance,1,74386,1,23,36,0
551,24,Male,Sales,1,93972,3,28,46,0
552,37,Male,Operations,1,119791,2,28,30,0
553,44,Female,Sales,2,71003,3,28,29,0
554,32,Female,IT,2,49996,1,27,15,0
555,33,Female,Finance,4,116598,3,1,27,1
556,31,Female,IT,4,65931,1,19,38,0
557,53,Male,HR,4,65710,3,28,44,1
558,37,Female,HR,2,64693,4,27,27,0
559,29,Female,Sales,2,65740,4,20,33,0
560,59,Male,Operations,4,107241,3,29,35,0
561,33,Female,IT,4,106502,2,17,11,1
562,45,Male,Operations,5,47374,1,5,44,1
563,49,Male,Sales,4,106674,4,26,37,0
564,29,Male,HR,5,111471,2,3,25,1
565,49,Female,Operations,3,75913,1,2,6,1
566,57,Female,Operations,2,96025,4,3,22,0
567,47,Male,HR,4,74516,4,8,37,0
568,29,Female,IT,2,117796,3,16,41,1
569,49,Female,HR,2,56069,1,6,38,1
570,49,Male,Operations,2,86233,2,13,24,0
571,58,Male,IT,3,114811,2,23,39,1
572,57,Female,IT,1,89049,2,28,22,0
573,48,Male,HR,4,69178,1,22,28,0
574,38,Female,Operations,1,62821,2,22,12,0
575,30,Female,Sales,1,81727,2,16,34,0
576,54,Female,Operations,1,90935,2,28,48,0
577,41,Female,Finance,2,46999,3,16,14,0
578,34,Male,Sales,5,92522,3,3,27,1
579,49,Male,IT,2,68712,1,28,15,0
580,50,Male,Sales,2,94551,1,13,6,0
581,34,Male,IT,1,70172,2,14,30,0
582,56,Female,IT,2,63722,3,8,40,0
583,27,Female,Sales,1,40625,4,12,37,1
584,39,Male,IT,5,97165,4,23,17,0
585,26,Female,IT,4,106509,2,23,44,1
586,46,Female,Finance,1,36859,2,22,29,0
587,23,Female,Operations,5,71609,3,21,8,0
588,31,Male,Operations,4,73307,3,26,46,0
589,51,Male,Finance,3,51839,3,8,23,0
590,26,Male,Sales,1,57216,1,21,22,0
591,54,Female,HR,1,82953,1,25,41,0
592,22,Male,HR,3,114481,2,9,34,0
593,39,Male,HR,3,90593,1,1,23,0
594,53,Male,Finance,1,102075,3,6,27,0
595,32,Male,Finance,3,79522,3,23,20,0
596,42,Male,IT,2,34886,1,19,5,0
597,47,Male,HR,4,37485,4,23,16,0
598,46,Female,Sales,4,61455,2,11,28,1
599,43,Female,Sales,4,46767,4,11,38,0
600,48,Male,HR,2,58453,2,23,12,0
601,34,Male,HR,3,106280,4,13,22,1
602,54,Female,HR,5,83442,1,11,9,0
603,55,Female,Finance,3,81877,2,18,30,0
604,56,Male,Finance,1,42226,2,23,34,0
605,22,Male,Finance,4,52588,2,15,17,0
606,42,Male,Operations,3,108976,3,1,23,1
607,27,Male,Sales,5,61709,3,21,33,1
608,49,Female,Sales,1,77788,4,25,7,1
609,38,Male,IT,2,118031,1,7,30,0
610,26,Male,Finance,2,67019,3,23,44,0
611,52,Male,Operations,5,74948,2,27,16,0
612,26,Male,Operations,1,95133,3,13,6,0
613,59,Female,Sales,4,96458,1,12,15,0
614,24,Female,Finance,3,57526,3,18,48,0
615,44,Female,IT,1,103493,2,24,32,0
616,58,Male,Finance,2,82198,4,19,22,0
617,58,Male,HR,5,73395,2,15,17,1
618,31,Female,Finance,5,54031,1,8,41,1
619,31,Male,HR,3,105542,4,19,26,0
620,40,Male,HR,5,67701,3,10,16,0
621,38,Female,IT,5,55939,3,7,6,0
622,42,Female,Sales,1,79145,3,18,41,1
623,35,Female,Finance,4,50324,4,16,11,0
624,30,Female,HR,3,52867,2,20,30,0
625,22,Male,Finance,1,30203,4,27,30,0
626,34,Male,Sales,4,46544,4,6,28,0
627,25,Female,Sales,1,45899,1,27,16,0
628,22,Male,Operations,1,59063,4,9,20,0
629,53,Female,Sales,5,33748,3,21,27,0
630,55,Female,IT,4,96629,2,13,44,0
631,49,Male,HR,3,110764,2,25,13,0
632,52,Female,Operations,3,50884,2,21,36,0
633,29,Male,IT,4,55183,3,26,19,1
634,47,Male,Finance,5,111570,3,8,41,0
635,55,Male,HR,2,101246,3,16,17,1
636,24,Male,Sales,1,49259,3,13,9,0
637,33,Female,HR,5,65959,3,13,15,0
638,22,Male,Finance,4,63457,4,17,14,0
639,26,Female,Operations,1,115679,3,23,17,0
640,51,Female,Operations,3,32103,3,20,45,0
641,51,Female,Operations,2,95901,3,5,19,0
642,38,Female,Sales,3,74535,3,22,46,0
643,44,Male,IT,4,46103,2,21,11,0
644,36,Male,IT,1,108278,3,28,44,1
645,58,Female,HR,4,42391,4,17,32,1
646,42,Female,Sales,1,58901,4,28,36,0
647,35,Male,Operations,5,111159,4,9,39,1
648,23,Female,Operations,2,97914,1,2,19,0
649,32,Male,Finance,5,80357,2,25,40,0
650,59,Female,Finance,5,116908,3,26,25,1
651,55,Male,Operations,4,68437,1,18,10,0
652,59,Female,Operations,2,65503,3,9,5,0
653,55,Female,Sales,1,105403,1,6,8,0
654,39,Male,IT,1,71258,1,11,15,1
655,51,Female,Finance,3,63724,4,25,48,1
656,36,Female,IT,1,94286,4,29,30,0
657,48,Male,Sales,4,104842,1,6,41,0
658,55,Female,Operations,5,44908,4,6,27,0
659,59,Male,IT,5,80626,1,13,33,0
660,54,Male,Operations,5,67228,2,11,25,0
661,45,Female,Operations,2,53386,4,14,49,0
662,36,Female,HR,1,76754,4,2,49,0
663,51,Female,IT,4,58302,4,8,31,0
664,38,Female,IT,2,90815,2,3,43,0
665,26,Female,Operations,3,114748,1,23,44,0
666,50,Female,Sales,4,93344,3,21,17,1
667,25,Female,HR,4,65618,4,3,27,0
668,31,Male,Operations,4,106234,1,1,20,0
669,38,Female,Finance,5,91114,2,24,34,0
670,31,Male,Finance,4,100130,3,19,8,0
671,38,Female,HR,1,55525,4,18,44,0
672,41,Female,Sales,4,109818,2,17,20,0
673,45,Male,Operations,5,44334,2,20,35,0
674,26,Female,IT,4,92767,3,29,46,0
675,55,Female,HR,3,36644,1,24,29,0
676,27,Male,Sales,3,62933,4,13,48,0
677,23,Female,IT,5,73469,4,3,16,1
678,34,Female,Finance,1,63687,1,1,30,0
679,32,Female,Finance,1,82656,1,4,41,0
680,44,Male,IT,2,47375,1,25,37,0
681,37,Female,HR,5,95206,3,13,32,0
682,52,Female,Finance,4,66607,3,17,13,0
683,32,Female,Operations,5,113178,4,28,16,0
684,37,Female,IT,2,53993,3,11,9,0
685,29,Male,IT,5,74386,2,2,32,0
686,25,Male,Finance,5,76287,4,25,39,0
687,25,Female,HR,2,116724,3,16,9,0
688,46,Female,Operations,1,106312,1,2,38,0
689,24,Male,HR,4,105324,2,29,38,0
690,53,Male,Sales,2,101196,1,19,17,0
691,24,Female,Sales,3,100014,4,23,43,0
692,48,Male,Finance,1,38210,1,19,46,0
693,50,Female,Finance,3,40922,3,25,49,1
694,53,Male,Finance,1,66289,3,16,18,0
695,40,Male,Sales,4,63340,4,22,15,1
696,42,Male,HR,4,69850,1,19,46,0
697,26,Male,HR,5,86984,4,9,42,0
698,39,Female,Finance,3,114178,1,1,8,0
699,49,Male,Operations,1,41094,2,10,37,1
700,43,Male,HR,4,117959,3,19,11,0
701,42,Female,Sales,2,63418,4,1,45,0
702,27,Male,IT,4,35741,2,2,12,0
703,22,Male,IT,2,102374,2,16,41,0
704,26,Female,IT,1,98798,4,12,14,0
705,33,Male,Operations,4,100532,4,8,47,1
706,47,Female,Finance,4,52164,2,23,19,1
707,55,Female,Sales,1,65595,1,18,42,0
708,35,Female,Operations,4,60257,2,2,19,1
709,47,Female,Sales,2,44211,4,25,9,0
710,48,Male,Sales,4,35232,2,29,33,0
711,30,Female,Finance,3,97753,1,13,23,0
712,47,Male,IT,5,82691,3,6,14,0
713,43,Male,Finance,2,119765,3,21,16,1
714,51,Male,Operations,3,109768,2,26,8,0
715,38,Male,Operations,1,55613,1,6,35,0
716,47,Male,Operations,2,44026,3,9,22,0
717,57,Male,Finance,5,83535,2,16,20,0
718,22,Male,Sales,5,60908,2,11,44,0
719,29,Male,Sales,1,82113,1,7,40,1
720,56,Male,HR,1,49610,4,10,29,1
721,36,Male,Operations,2,76646,2,10,27,0
722,43,Female,Sales,4,93185,4,25,16,0
723,35,Female,HR,1,102567,4,20,38,0
724,47,Female,Sales,4,77574,3,18,40,0
725,49,Male,Operations,3,66182,4,28,41,0
726,44,Female,IT,5,30570,1,24,7,0
727,35,Female,Operations,4,49288,3,20,13,0
728,45,Female,Finance,5,108824,3,29,22,0
729,23,Male,Sales,4,59877,3,9,47,0
730,47,Male,Sales,3,114425,2,15,39,0
731,35,Male,Finance,1,30917,2,4,38,0
732,28,Male,Finance,3,105602,4,8,45,0
733,24,Female,IT,1,94575,3,9,18,1
734,44,Female,Sales,1,102518,3,13,8,0
735,39,Female,Sales,5,69104,1,9,33,1
736,59,Female,IT,3,48062,4,26,45,0
737,56,Male,HR,4,46999,1,4,49,0
738,36,Male,IT,3,91845,4,17,19,0
739,46,Male,Operations,5,39941,4,16,32,1
740,58,Female,Sales,1,91169,2,15,46,0
741,49,Male,Finance,5,53470,2,3,20,0
742,31,Male,Operations,2,89821,1,25,16,0
743,38,Female,Sales,2,116669,4,20,9,0
744,43,Female,IT,4,74435,3,5,38,0
745,47,Male,Operations,5,34529,2,23,46,1
746,46,Male,Sales,4,113055,3,5,5,0
747,38,Male,HR,4,42192,1,20,43,0
748,34,Male,HR,2,104102,2,15,36,0
749,41,Male,Finance,4,102762,2,18,30,0
750,46,Male,Sales,2,116795,4,15,21,0
751,25,Female,HR,1,64087,1,2,31,0
752,31,Female,IT,5,96677,4,29,28,0
753,24,Female,Sales,4,34627,2,13,39,0
754,39,Male,IT,2,86541,1,4,46,0
755,57,Female,IT,3,98226,2,10,43,1
756,43,Male,HR,4,33255,1,13,30,0
757,55,Male,Sales,1,87433,2,10,42,0
758,29,Female,Operations,1,35213,3,29,27,0
759,40,Male,HR,3,49404,3,9,26,0
760,58,Male,HR,2,55380,4,8,8,0
761,27,Female,Sales,4,49173,3,3,13,0
762,47,Female,Sales,2,83027,2,16,8,0
763,55,Female,IT,1,53989,2,14,11,1
764,27,Male,Sales,2,54519,3,9,27,0
765,58,Female,IT,1,52439,4,21,6,0
766,54,Female,HR,2,106949,3,11,28,0
767,43,Male,Finance,3,44995,1,3,44,0
768,42,Female,Operations,5,53559,1,5,35,0
769,27,Female,HR,3,119049,1,29,35,1
770,27,Female,Sales,3,35021,3,10,44,0
771,25,Male,Operations,5,51119,3,13,47,0
772,51,Male,Finance,5,81539,3,4,38,0
773,32,Male,Finance,4,69350,1,24,28,0
774,51,Male,IT,4,76223,4,13,30,0
775,52,Female,Operations,3,55517,2,12,20,0
776,45,Male,IT,3,108653,3,5,17,0
777,30,Male,HR,1,52250,4,10,19,0
778,24,Female,Operations,1,114486,2,28,31,0
779,52,Female,HR,4,112895,2,24,8,1
780,58,Female,IT,4,119132,2,9,20,0
781,57,Male,Operations,1,96798,4,20,34,1
782,45,Male,IT,1,84199,4,7,48,0
783,52,Male,Operations,2,89546,1,2,34,0
784,27,Female,IT,2,118151,4,22,40,0
785,23,Female,Finance,1,33327,4,24,7,0
786,41,Male,IT,2,59768,4,28,26,0
787,49,Female,Finance,5,94418,2,23,26,0
788,32,Female,IT,4,72788,3,7,16,0
789,25,Female,Operations,4,112384,1,8,25,1
790,36,Male,Operations,1,76830,3,7,8,0
791,27,Female,Operations,3,82446,3,21,35,0
792,51,Female,Sales,1,45160,4,23,48,0
793,59,Male,HR,2,86583,1,29,35,1
794,23,Male,Operations,3,63998,3,14,27,0
795,36,Female,Finance,2,57230,3,26,24,0
796,32,Female,Operations,5,39076,1,19,19,0
797,29,Male,Sales,2,99341,4,5,27,0
798,47,Male,Finance,5,61085,3,23,32,1
799,26,Female,Sales,5,85571,2,25,20,0
800,27,Female,Finance,2,44715,3,18,41,0
801,47,Female,IT,2,35750,2,20,25,1
802,25,Female,HR,5,108768,4,12,19,0
803,40,Male,HR,3,65903,3,23,21,0
804,41,Female,Sales,5,102489,1,17,41,0
805,54,Female,HR,4,62093,1,13,17,0
806,41,Male,Sales,5,117954,3,2,23,0
807,33,Female,Sales,3,64314,4,25,34,0
808,22,Male,Sales,4,78225,4,13,49,0
809,47,Female,HR,1,117985,1,26,22,0
810,35,Female,Sales,1,113014,3,7,18,0
811,59,Male,HR,3,65179,4,28,40,1
812,58,Male,Sales,5,55338,1,10,40,0
813,32,Female,Operations,2,99681,2,23,24,0
814,57,Female,Sales,3,62101,3,6,23,0
815,34,Female,Finance,4,32775,2,3,49,0
816,24,Male,Sales,4,75619,2,26,48,0
817,54,Female,IT,1,75838,4,3,11,0
818,27,Male,Sales,4,49539,4,18,48,0
819,31,Male,Finance,3,87124,4,11,8,0
820,26,Female,Finance,4,95149,3,22,38,0
821,44,Male,HR,3,56616,2,20,6,0
822,31,Female,Operations,2,109655,3,5,9,0
823,23,Female,Sales,1,84567,4,19,14,1
824,34,Female,HR,4,67099,2,22,36,0
825,23,Female,Operations,3,105831,3,27,46,0
826,41,Female,Sales,5,91799,3,28,45,0
827,22,Male,IT,1,55479,1,19,17,1
828,58,Male,Sales,2,76172,3,15,43,0
829,30,Female,Finance,3,85863,4,16,9,0
830,38,Female,Finance,2,72043,3,24,14,0
831,30,Male,IT,2,112569,2,9,14,1
832,32,Male,HR,4,45408,3,4,42,0
833,36,Male,Operations,4,87980,1,15,31,0
834,45,Male,Sales,3,112956,2,25,25,1
835,59,Female,Finance,5,46351,2,12,12,1
836,56,Female,HR,3,34131,1,23,5,1
837,51,Male,IT,5,74825,4,3,32,0
838,52,Female,Finance,2,41349,2,23,43,0
839,26,Male,IT,1,90931,4,14,18,0
840,35,Female,Sales,3,74254,2,17,25,0
841,32,Male,Operations,3,68225,2,19,34,0
842,30,Female,Finance,5,42453,4,6,25,0
843,55,Male,Finance,2,48814,2,4,13,0
844,33,Male,Sales,2,48263,4,7,21,0
845,56,Female,HR,5,107694,1,19,9,0
846,56,Male,Operations,2,45735,4,17,35,0
847,22,Female,Finance,4,45830,1,25,44,0
848,43,Female,Operations,1,77893,2,16,42,0
849,50,Male,Finance,3,74673,4,15,47,0
850,29,Female,Operations,1,119462,2,22,23,0
851,32,Female,IT,3,75066,4,8,40,0
852,58,Female,Finance,4,33373,1,19,37,0
853,35,Female,Operations,2,40335,1,8,17,0
854,51,Female,HR,5,53741,4,18,18,1
855,56,Male,IT,4,40692,1,28,37,0
856,42,Female,IT,1,77295,2,16,33,0
857,58,Female,HR,5,75541,2,20,47,1
858,26,Female,Operations,2,64057,3,19,40,0
859,40,Female,Sales,4,96983,1,10,48,1
860,35,Female,HR,5,49583,2,17,14,1
861,47,Male,Operations,4,52765,4,13,35,0
862,25,Female,HR,4,89287,1,13,10,1
863,46,Male,HR,2,53906,2,7,5,0
864,46,Male,Finance,3,115103,1,27,11,0
865,39,Male,Operations,5,109675,4,10,31,0
866,29,Male,Sales,2,76525,2,2,25,0
867,35,Female,Finance,4,68230,3,4,32,1
868,53,Male,HR,2,49520,3,25,20,0
869,59,Male,HR,3,115238,1,6,27,0
870,54,Female,HR,5,81934,4,24,24,0
871,44,Female,Operations,3,55566,2,18,42,0
872,36,Female,Operations,1,103193,4,23,29,0
873,54,Male,Finance,5,60134,2,6,32,0
874,46,Female,Sales,3,40345,1,29,9,1
875,38,Female,Finance,4,71185,2,25,25,0
876,54,Male,IT,5,100744,4,23,22,1
877,23,Female,HR,5,63455,4,17,10,0
878,35,Female,HR,2,58018,1,14,33,0
879,27,Female,HR,4,84219,4,24,23,0
880,27,Female,Finance,1,75991,2,11,37,0
881,24,Male,Finance,3,103616,1,26,5,0
882,28,Female,HR,2,117438,2,19,49,1
883,29,Female,Finance,3,39486,4,2,7,0
884,36,Male,Operations,1,68862,1,28,46,1
885,50,Female,Operations,1,88870,2,3,25,0
886,54,Male,Finance,5,116694,4,11,39,0
887,51,Female,HR,1,73856,4,6,45,0
888,48,Male,Finance,3,116055,3,29,44,1
889,57,Male,Finance,4,61379,4,14,7,0
890,50,Male,Finance,4,94729,2,19,29,1
891,59,Male,IT,5,58378,1,26,49,1
892,54,Female,Operations,3,84353,3,16,42,0
893,58,Male,Sales,3,79996,4,21,49,0
894,48,Female,Sales,1,44031,4,22,24,0
895,54,Male,IT,3,110072,4,24,48,0
896,25,Male,Finance,2,95982,2,7,49,0
897,43,Male,IT,1,66683,3,27,38,0
898,23,Female,IT,2,47618,2,8,25,0
899,31,Male,HR,5,36587,3,19,27,0
900,26,Female,Operations,4,92790,1,20,10,0
901,31,Female,Sales,5,61480,2,16,17,0
902,54,Female,Finance,4,50527,2,22,27,0
903,59,Female,Sales,5,53569,1,27,13,0
904,34,Female,Sales,3,41151,3,7,21,0
905,52,Female,Operations,2,101094,4,9,6,1
906,57,Female,Sales,4,89174,1,13,23,0
907,45,Female,Sales,1,74739,4,1,23,0
908,36,Female,IT,2,62954,4,29,11,0
909,50,Male,Operations,1,65303,1,8,46,0
910,29,Male,HR,2,64700,3,24,46,0
911,26,Male,Finance,2,97568,4,22,24,1
912,50,Male,Sales,5,96788,1,4,13,0
913,25,Male,Finance,4,101045,2,3,21,0
914,33,Female,HR,4,67842,2,27,31,0
915,23,Female,Finance,2,43900,2,3,6,0
916,48,Female,HR,3,110059,1,22,40,0
917,52,Female,IT,3,31881,2,13,23,0
918,57,Female,Sales,1,63037,4,8,21,0
919,57,Female,HR,1,31630,2,7,9,0
920,47,Female,Finance,5,50789,2,27,43,0
921,48,Male,Sales,2,118059,4,1,22,0
922,26,Male,IT,1,113494,2,27,11,1
923,41,Male,Sales,1,76151,4,16,21,0
924,32,Male,HR,2,78920,2,6,43,0
925,31,Female,IT,5,97231,4,7,40,0
926,59,Female,Finance,1,110357,2,12,44,0
927,27,Female,IT,5,33262,4,23,49,0
928,29,Male,IT,4,96981,1,9,8,0
929,44,Female,Operations,5,111972,4,27,42,0
930,47,Female,IT,3,105485,2,11,29,0
931,33,Female,IT,3,84722,2,10,9,0
932,47,Male,Sales,5,119499,3,21,34,0
933,34,Female,Finance,3,80818,4,1,16,0
934,39,Male,Sales,4,59932,1,18,8,0
935,46,Male,Sales,2,36901,4,4,28,0
936,54,Male,HR,3,38597,4,5,33,0
937,33,Male,Sales,3,93909,1,9,13,0
938,57,Female,Operations,5,102391,4,27,8,0
939,25,Male,Operations,4,114214,1,17,28,1
940,26,Male,HR,2,38263,1,3,18,0
941,58,Female,Finance,5,93293,4,16,9,0
942,29,Female,Finance,5,55805,4,5,22,0
943,49,Male,Sales,4,41874,2,16,46,1
944,52,Female,Sales,2,116402,2,3,23,0
945,30,Male,Sales,4,44079,3,20,16,0
946,50,Male,Finance,2,79850,3,15,22,0
947,35,Male,IT,4,102779,4,3,21,0
948,43,Male,Operations,5,39018,1,20,34,0
949,32,Female,IT,5,79500,3,14,28,0
950,44,Male,IT,1,42100,4,16,15,1
951,22,Female,Finance,3,87021,3,29,39,1
952,58,Female,IT,4,49800,1,29,27,0
953,42,Female,HR,1,93400,4,17,21,0
954,47,Female,Sales,3,59437,1,28,5,1
955,57,Male,HR,4,106537,4,24,19,0
956,44,Female,Operations,2,76675,3,20,36,0
957,22,Male,Sales,3,49942,2,23,13,0
958,36,Female,IT,5,50862,3,18,19,0
959,42,Female,Operations,1,41669,3,18,32,0
960,30,Male,Sales,3,83772,2,22,28,0
961,30,Male,IT,3,45916,2,14,39,0
962,31,Male,HR,5,40878,4,18,26,0
963,47,Female,Sales,4,32985,4,15,31,0
964,56,Female,IT,2,103648,1,15,23,0
965,46,Male,HR,5,71235,1,6,49,1
966,47,Male,Operations,2,48931,3,27,16,0
967,32,Male,Operations,4,30336,2,15,24,0
968,59,Male,Operations,3,72933,1,18,5,1
969,23,Female,Operations,2,114899,3,4,25,1
970,28,Male,Finance,1,75536,2,23,49,0
971,39,Male,Sales,1,99504,4,8,5,0
972,48,Male,Sales,5,81148,3,15,14,0
973,55,Male,Finance,4,46279,4,3,36,1
974,48,Female,IT,5,98665,1,15,43,1
975,38,Male,IT,5,101386,1,13,26,1
976,45,Female,Operations,5,116124,2,9,22,0
977,46,Male,HR,1,107485,3,2,36,0
978,28,Male,IT,1,104055,4,24,31,0
979,27,Female,HR,5,107273,2,8,32,0
980,45,Male,Sales,1,96670,1,29,22,0
981,54,Female,HR,4,106474,1,20,43,0
982,50,Female,Sales,5,84028,3,17,33,0
983,43,Male,Finance,1,101128,4,13,22,0
984,47,Female,Finance,2,48108,3,1,48,0
985,49,Female,Operations,5,82495,4,2,12,0
986,42,Female,IT,5,112806,4,15,35,0
987,28,Female,Operations,4,106533,3,12,38,0
988,38,Female,Sales,3,86830,2,14,11,0
989,41,Female,Operations,3,104640,3,25,40,0
990,41,Female,HR,4,82509,3,29,22,1
991,43,Female,Sales,4,96406,1,2,42,0
992,49,Male,Finance,4,69519,1,18,13,0
993,28,Male,IT,3,79649,3,22,13,0
994,22,Female,Sales,4,64524,3,7,12,0
995,53,Male,Sales,1,63885,1,29,39,1
996,34,Female,HR,5,74369,4,23,22,0
997,51,Female,IT,5,60676,3,29,9,1
998,44,Male,Finance,2,94093,2,25,18,0
999,40,Female,Sales,2,77764,2,6,32,1
1000,53,Female,Sales,5,80799,2,14,34,0
